stair.thisTrialN,stair.stepSize,stair.intensity,thisRow.t,notes,piloting,trial.started,fixation.started,grating.started,key_resp.started,fixation.stopped,grating.stopped,trial.stopped,corrAns,tilt,key_resp.corr,stair.response,key_resp.rt,participant,session,date,expName,expVersion,psychopyVersion,frameRate,expStart,
0,2,10,0.03360850003082305,,True,0.01921319996472448,0.03360850003082305,0.5100657000439242,0.5100657000439242,0.5333775000181049,0.8166625000303611,5.4913873000768945,right,10,0,0,4.935305600054562,pilot,001,2026-09-26_20h52.22.470,staircase,,2026.2.3,59.84626693721993,2026-09-26 20h52.22.550849 +0530,
1,1,12,5.494328300002962,,,5.4915259999688715,5.494328300002962,5.994428800069727,5.994428800069727,5.994428800069727,6.294166499981657,8.011072400026023,right,12,1,1,2.0101112999254838,pilot,001,2026-09-26_20h52.22.470,staircase,,2026.2.3,59.84626693721993,2026-09-26 20h52.22.550849 +0530,
2,1,11,8.026085800025612,,,8.011169100063853,8.026085800025612,8.52563030004967,8.52563030004967,8.52563030004967,8.825924700009637,9.16024210001342,left,-11,1,1,0.6229538000188768,pilot,001,2026-09-26_20h52.22.470,staircase,,2026.2.3,59.84626693721993,2026-09-26 20h52.22.550849 +0530,
3,1,11,9.174883299972862,,,9.160354200052097,9.174883299972862,9.674422400072217,9.674422400072217,9.674422400072217,9.974088500021026,10.226485599996522,right,11,1,1,0.5446160000283271,pilot,001,2026-09-26_20h52.22.470,staircase,,2026.2.3,59.84626693721993,2026-09-26 20h52.22.550849 +0530,
4,1,11,10.240504199988209,,,10.226583200041205,10.240504199988209,10.740172800025903,10.740172800025903,10.740172800025903,11.040254099993035,11.292760399985127,left,-11,1,1,0.539853599970229,pilot,001,2026-09-26_20h52.22.470,staircase,,2026.2.3,59.84626693721993,2026-09-26 20h52.22.550849 +0530,
5,1,10,11.306368199991994,,,11.292882499983534,11.306368199991994,11.805827900068834,11.805827900068834,11.805827900068834,12.105176400044002,12.190569199970923,right,10,1,1,0.3826817999361083,pilot,001,2026-09-26_20h52.22.470,staircase,,2026.2.3,59.84626693721993,2026-09-26 20h52.22.550849 +0530,
6,1,10,12.205352499964647,,,12.190667000017129,12.205352499964647,12.704923400073312,12.704923400073312,12.704923400073312,13.004770900006406,13.139979699975811,left,-10,1,1,0.42310329992324114,pilot,001,2026-09-26_20h52.22.470,staircase,,2026.2.3,59.84626693721993,2026-09-26 20h52.22.550849 +0530,
7,1,10,13.154332400066778,,,13.140080700046383,13.154332400066778,13.65410280006472,13.65410280006472,13.65410280006472,13.953658599988557,14.055218599969521,left,-10,1,1,0.3893485999433324,pilot,001,2026-09-26_20h52.22.470,staircase,,2026.2.3,59.84626693721993,2026-09-26 20h52.22.550849 +0530,
8,1,9,14.070181600051,,,14.055320500046946,14.070181600051,14.569658600026742,14.569658600026742,14.569658600026742,14.869957600021735,15.004421700024977,right,9,1,1,0.42140330001711845,pilot,001,2026-09-26_20h52.22.470,staircase,,2026.2.3,59.84626693721993,2026-09-26 20h52.22.550849 +0530,
9,1,9,15.019603900029324,,,15.004522099974565,15.019603900029324,15.518848499981686,15.518848499981686,15.535447900067084,15.818743800045922,15.937883000005968,right,9,1,1,0.40173679997678846,pilot,001,2026-09-26_20h52.22.470,staircase,,2026.2.3,59.84626693721993,2026-09-26 20h52.22.550849 +0530,
10,1,9,15.951792599982582,,,15.937987599987537,15.951792599982582,16.45116100006271,16.45116100006271,16.45116100006271,16.751056000008248,16.888261000043713,left,-9,1,1,0.4344019000418484,pilot,001,2026-09-26_20h52.22.470,staircase,,2026.2.3,59.84626693721993,2026-09-26 20h52.22.550849 +0530,
11,1,8,16.901422400027514,,,16.88837679999415,16.901422400027514,17.400498799979687,17.400498799979687,17.400498799979687,17.700113200000487,17.834784400067292,right,8,1,1,0.42386860004626215,pilot,001,2026-09-26_20h52.22.470,staircase,,2026.2.3,59.84626693721993,2026-09-26 20h52.22.550849 +0530,
12,1,8,17.849855500040576,,,17.834879799978808,17.849855500040576,18.34913760004565,18.34913760004565,18.34913760004565,18.64898880000692,18.751702700043097,right,8,1,1,0.3983604999957606,pilot,001,2026-09-26_20h52.22.470,staircase,,2026.2.3,59.84626693721993,2026-09-26 20h52.22.550849 +0530,
13,1,8,18.765456299996004,,,18.751815099967644,18.765456299996004,19.265099100070074,19.265099100070074,19.265099100070074,19.56442369997967,19.632901799981482,right,8,1,1,0.35927959997206926,pilot,001,2026-09-26_20h52.22.470,staircase,,2026.2.3,59.84626693721993,2026-09-26 20h52.22.550849 +0530,
14,1,7,19.64765190007165,,,19.63299980002921,19.64765190007165,20.147421200061217,20.147421200061217,20.147421200061217,20.447210900019854,20.551023000036366,left,-7,1,1,0.39264039997942746,pilot,001,2026-09-26_20h52.22.470,staircase,,2026.2.3,59.84626693721993,2026-09-26 20h52.22.550849 +0530,
15,1,7,20.563854600070044,,,20.551182799972594,20.563854600070044,21.063119600061327,21.063119600061327,21.063119600061327,21.362692299997434,21.699945000000298,left,-7,1,1,0.6344129000790417,pilot,001,2026-09-26_20h52.22.470,staircase,,2026.2.3,59.84626693721993,2026-09-26 20h52.22.550849 +0530,
16,1,7,21.712652700021863,,,21.700117300031707,21.712652700021863,22.212123800069094,22.212123800069094,22.212123800069094,22.511930700042285,22.61402179999277,right,7,0,0,0.3896516999229789,pilot,001,2026-09-26_20h52.22.470,staircase,,2026.2.3,59.84626693721993,2026-09-26 20h52.22.550849 +0530,
17,1,8,22.628795200027525,,,22.614118800032884,22.628795200027525,23.1279636999825,23.1279636999825,23.1279636999825,23.42770020000171,23.630804200074635,right,8,1,1,0.49510459997691214,pilot,001,2026-09-26_20h52.22.470,staircase,,2026.2.3,59.84626693721993,2026-09-26 20h52.22.550849 +0530,
18,1,8,23.64406720001716,,,23.630913999979384,23.64406720001716,24.143885500030592,24.143885500030592,24.143885500030592,24.443335200077854,24.49739709997084,right,8,1,1,0.3517314000055194,pilot,001,2026-09-26_20h52.22.470,staircase,,2026.2.3,59.84626693721993,2026-09-26 20h52.22.550849 +0530,
19,0.5,8,24.510324400034733,,,24.497561300056987,24.510324400034733,25.009257500059903,25.009257500059903,25.009257500059903,25.30905330006499,25.445257500046864,left,-8,1,1,0.4235768999205902,pilot,001,2026-09-26_20h52.22.470,staircase,,2026.2.3,59.84626693721993,2026-09-26 20h52.22.550849 +0530,
20,0.5,7.5,25.459181600017473,,,25.445390000008047,25.459181600017473,25.958798000006936,25.958798000006936,25.958798000006936,26.25824019999709,26.812190699973144,left,-7.5,1,1,0.8382489999057725,pilot,001,2026-09-26_20h52.22.470,staircase,,2026.2.3,59.84626693721993,2026-09-26 20h52.22.550849 +0530,
21,0.5,7.5,26.824489500024356,,,26.812325600069016,26.824489500024356,27.323960000067018,27.323960000067018,27.323960000067018,27.623545999987982,27.677630400052294,right,7.5,1,1,0.3507581000449136,pilot,001,2026-09-26_20h52.22.470,staircase,,2026.2.3,59.84626693721993,2026-09-26 20h52.22.550849 +0530,
22,0.5,7.5,27.689965400029905,,,27.677779500023462,27.689965400029905,28.189837499987334,28.189837499987334,28.189837499987334,28.489338800078258,28.59136970003601,right,7.5,1,1,0.391196999931708,pilot,001,2026-09-26_20h52.22.470,staircase,,2026.2.3,59.84626693721993,2026-09-26 20h52.22.550849 +0530,
23,0.5,7.0,28.605872499989346,,,28.59147290000692,28.605872499989346,29.105778499972075,29.105778499972075,29.105778499972075,29.405239299987443,29.507566799991764,left,-7.0,1,1,0.39897750003729016,pilot,001,2026-09-26_20h52.22.470,staircase,,2026.2.3,59.84626693721993,2026-09-26 20h52.22.550849 +0530,
24,0.5,7.0,29.521758300019428,,,29.507667800062336,29.521758300019428,30.02112990000751,30.02112990000751,30.02112990000751,30.320967499981634,30.45726699999068,left,-7.0,1,1,0.4258833999047056,pilot,001,2026-09-26_20h52.22.470,staircase,,2026.2.3,59.84626693721993,2026-09-26 20h52.22.550849 +0530,
25,0.5,7.0,30.470767999999225,,,30.457374699995853,30.470767999999225,30.97065290005412,30.97065290005412,30.97065290005412,31.269851900055073,31.338696000049822,right,7.0,0,0,0.35971840005367994,pilot,001,2026-09-26_20h52.22.470,staircase,,2026.2.3,59.84626693721993,2026-09-26 20h52.22.550849 +0530,
26,0.5,7.5,31.353244800004177,,,31.3387985000154,31.353244800004177,31.852856200071983,31.852856200071983,31.852856200071983,32.15229110000655,32.28722950001247,left,-7.5,1,1,0.4267184999771416,pilot,001,2026-09-26_20h52.22.470,staircase,,2026.2.3,59.84626693721993,2026-09-26 20h52.22.550849 +0530,
27,0.5,7.5,32.30194520007353,,,32.2873249000404,32.30194520007353,32.80191510007717,32.80191510007717,32.80191510007717,33.10152150003705,34.719974000006914,left,-7.5,1,1,1.915553200058639,pilot,001,2026-09-26_20h52.22.470,staircase,,2026.2.3,59.84626693721993,2026-09-26 20h52.22.550849 +0530,
28,0.5,7.5,34.7334264999954,,,34.72009449999314,34.7334264999954,35.23308550007641,35.23308550007641,35.23308550007641,35.53242930001579,35.735574900056235,left,-7.5,1,1,0.48800030001439154,pilot,001,2026-09-26_20h52.22.470,staircase,,2026.2.3,59.84626693721993,2026-09-26 20h52.22.550849 +0530,
29,0.5,7.0,35.748920600046404,,,35.735686099971645,35.748920600046404,36.248417300055735,36.248417300055735,36.248417300055735,36.548093599965796,36.71692530007567,left,-7.0,1,1,0.4661222000140697,pilot,001,2026-09-26_20h52.22.470,staircase,,2026.2.3,59.84626693721993,2026-09-26 20h52.22.550849 +0530,
30,0.5,7.0,36.73113980004564,,,36.71703479997814,36.73113980004564,37.23122079996392,37.23122079996392,37.23122079996392,37.53062780003529,37.682941399980336,left,-7.0,0,0,0.43965039995964617,pilot,001,2026-09-26_20h52.22.470,staircase,,2026.2.3,59.84626693721993,2026-09-26 20h52.22.550849 +0530,
31,0.5,7.5,37.69683510006871,,,37.683039400028065,37.69683510006871,38.19648769998457,38.19648769998457,38.19648769998457,38.49585080007091,38.69897240004502,right,7.5,1,1,0.49258680001366884,pilot,001,2026-09-26_20h52.22.470,staircase,,2026.2.3,59.84626693721993,2026-09-26 20h52.22.550849 +0530,
32,0.5,7.5,38.71265200001653,,,38.699085999978706,38.71265200001653,39.21262480004225,39.21262480004225,39.21262480004225,39.51257809996605,39.91555540007539,left,-7.5,1,1,0.6901937999064103,pilot,001,2026-09-26_20h52.22.470,staircase,,2026.2.3,59.84626693721993,2026-09-26 20h52.22.550849 +0530,
33,0.5,7.5,39.928611000068486,,,39.91568880004343,39.928611000068486,40.42797610000707,40.42797610000707,40.42797610000707,40.72733160003554,40.97936950006988,right,7.5,1,1,0.5453886000905186,pilot,001,2026-09-26_20h52.22.470,staircase,,2026.2.3,59.84626693721993,2026-09-26 20h52.22.550849 +0530,
34,0.5,7.0,40.99381660006475,,,40.979466999997385,40.99381660006475,41.49367350002285,41.49367350002285,41.49367350002285,41.793312399997376,41.97849100001622,left,-7.0,1,1,0.4838685999857262,pilot,001,2026-09-26_20h52.22.470,staircase,,2026.2.3,59.84626693721993,2026-09-26 20h52.22.550849 +0530,
35,0.5,7.0,41.99271410005167,,,41.978591799968854,41.99271410005167,42.492172900005244,42.492172900005244,42.492172900005244,42.792009499971755,43.0117586000124,right,7.0,1,1,0.5163511000573635,pilot,001,2026-09-26_20h52.22.470,staircase,,2026.2.3,59.84626693721993,2026-09-26 20h52.22.550849 +0530,
36,0.5,7.0,43.025322600035,,,43.01186630001757,43.025322600035,43.52496379998047,43.52496379998047,43.52496379998047,43.82446200004779,43.99426589999348,left,-7.0,1,1,0.4591165999881923,pilot,001,2026-09-26_20h52.22.470,staircase,,2026.2.3,59.84626693721993,2026-09-26 20h52.22.550849 +0530,
37,0.5,6.5,44.00750990002416,,,43.99440079997294,44.00750990002416,44.507118400069885,44.507118400069885,44.507118400069885,44.806754900026135,44.924804000067525,right,6.5,1,1,0.4162206999026239,pilot,001,2026-09-26_20h52.22.470,staircase,,2026.2.3,59.84626693721993,2026-09-26 20h52.22.550849 +0530,
38,0.5,6.5,44.93962990003638,,,44.924904600018635,44.93962990003638,45.43929190002382,45.43929190002382,45.43929190002382,45.73917389998678,46.04186420002952,left,-6.5,1,1,0.5917301999870688,pilot,001,2026-09-26_20h52.22.470,staircase,,2026.2.3,59.84626693721993,2026-09-26 20h52.22.550849 +0530,
39,0.5,6.5,46.05552379996516,,,46.041966999997385,46.05552379996516,46.55477210006211,46.55477210006211,46.55477210006211,46.854793400038034,47.00725520006381,right,6.5,1,1,0.44819889997597784,pilot,001,2026-09-26_20h52.22.470,staircase,,2026.2.3,59.84626693721993,2026-09-26 20h52.22.550849 +0530,
40,0.5,6.0,47.02086569997482,,,47.00736180006061,47.02086569997482,47.521005899994634,47.521005899994634,47.521005899994634,47.82067160005681,48.09062180004548,right,6.0,1,1,0.5539504999760538,pilot,001,2026-09-26_20h52.22.470,staircase,,2026.2.3,59.84626693721993,2026-09-26 20h52.22.550849 +0530,
41,0.5,6.0,48.103316799970344,,,48.09078930004034,48.103316799970344,48.60332190000918,48.60332190000918,48.60332190000918,48.90266710007563,49.08920809999108,right,6.0,1,1,0.4807505999924615,pilot,001,2026-09-26_20h52.22.470,staircase,,2026.2.3,59.84626693721993,2026-09-26 20h52.22.550849 +0530,
42,0.5,6.0,49.103278500027955,,,49.089345999993384,49.103278500027955,49.60238240007311,49.60238240007311,49.61845389998052,49.901602900004946,50.02021500002593,right,6.0,1,1,0.4029939000029117,pilot,001,2026-09-26_20h52.22.470,staircase,,2026.2.3,59.84626693721993,2026-09-26 20h52.22.550849 +0530,
43,0.5,5.5,50.03497989999596,,,50.02031120005995,50.03497989999596,50.534664100036025,50.534664100036025,50.534664100036025,50.8340752000222,51.00348070007749,left,-5.5,1,1,0.4570540999993682,pilot,001,2026-09-26_20h52.22.470,staircase,,2026.2.3,59.84626693721993,2026-09-26 20h52.22.550849 +0530,
44,0.5,5.5,51.01818240003195,,,51.00360489997547,51.01818240003195,51.516727500013076,51.516727500013076,51.53371240000706,51.81701430003159,51.95196600002237,left,-5.5,1,1,0.43030090001411736,pilot,001,2026-09-26_20h52.22.470,staircase,,2026.2.3,59.84626693721993,2026-09-26 20h52.22.550849 +0530,
45,0.5,5.5,51.9663674000185,,,51.95206100004725,51.9663674000185,52.46657080005389,52.46657080005389,52.46657080005389,52.76595510006882,52.95185730000958,left,-5.5,1,1,0.4744648999767378,pilot,001,2026-09-26_20h52.22.470,staircase,,2026.2.3,59.84626693721993,2026-09-26 20h52.22.550849 +0530,
46,0.5,5.0,52.96542420005426,,,52.95196700002998,52.96542420005426,53.465060799964704,53.465060799964704,53.465060799964704,53.765488900011405,54.03408550005406,left,-5.0,1,1,0.5675766000058502,pilot,001,2026-09-26_20h52.22.470,staircase,,2026.2.3,59.84626693721993,2026-09-26 20h52.22.550849 +0530,
47,0.5,5.0,54.04770620004274,,,54.03420980006922,54.04770620004274,54.547372900065966,54.547372900065966,54.547372900065966,54.8469528000569,54.98346000001766,left,-5.0,1,1,0.43410519999451935,pilot,001,2026-09-26_20h52.22.470,staircase,,2026.2.3,59.84626693721993,2026-09-26 20h52.22.550849 +0530,
48,0.5,5.0,54.99662770004943,,,54.98359940003138,54.99662770004943,55.496063200058416,55.496063200058416,55.496063200058416,55.7960194000043,56.16503030003514,right,5.0,1,1,0.6609771000221372,pilot,001,2026-09-26_20h52.22.470,staircase,,2026.2.3,59.84626693721993,2026-09-26 20h52.22.550849 +0530,
49,0.5,4.5,56.178956200019456,,,56.16514030005783,56.178956200019456,56.678623100044206,56.678623100044206,56.678623100044206,56.978096800041385,57.19848280004226,left,-4.5,1,1,0.5119894000235945,pilot,001,2026-09-26_20h52.22.470,staircase,,2026.2.3,59.84626693721993,2026-09-26 20h52.22.550849 +0530,
