thisN,thisTrialN,thisRepN,key_resp.keys,key_resp.corr,key_resp.rt,key_resp.duration,tilt,trials.thisRepN,trials.thisTrialN,trials.thisN,trials.thisIndex,thisRow.t,notes,piloting,trial.started,fixation.started,key_resp.started,fixation.stopped,trial.stopped,trials.key_resp.keys,trials.key_resp.corr,trials.key_resp.rt,trials.key_resp.duration,trials.tilt,participant,session,date,expName,expVersion,psychopyVersion,frameRate,expStart,
0,0,0,up,1,1.2470681000268087,None,0,0,0,0,0,0.025153800030238926,,True,0.021091399947181344,0.025153800030238926,1.0083749999757856,1.0240802000043914,2.2622170000104234,up,1,1.2470681000268087,None,0,pilot,001,2026-09-26_22h13.08.691,O.D,,2026.2.3,60.01684071400034,2026-09-26 22h13.08.713991 +0530,
1,0,1,up,0,0.6673193000024185,None,-2,1,0,1,0,2.2730570000130683,,,2.262410399969667,2.2730570000130683,3.2720790000166744,3.2720790000166744,3.9419176999945194,up,0,0.6673193000024185,None,-2,pilot,001,2026-09-26_22h13.08.691,O.D,,2026.2.3,60.01684071400034,2026-09-26 22h13.08.713991 +0530,
2,0,2,down,1,0.5505161000182852,None,3,2,0,2,0,3.9550686000147834,,,3.942141499952413,3.9550686000147834,4.9537766999565065,4.9537766999565065,5.505440999986604,down,1,0.5505161000182852,None,3,pilot,001,2026-09-26_22h13.08.691,O.D,,2026.2.3,60.01684071400034,2026-09-26 22h13.08.713991 +0530,
3,0,3,up,0,0.5723273999756202,None,-2,3,0,3,0,5.51998779992573,,,5.505588899948634,5.51998779992573,6.519150399952196,6.519150399952196,7.103721800027415,up,0,0.5723273999756202,None,-2,pilot,001,2026-09-26_22h13.08.691,O.D,,2026.2.3,60.01684071400034,2026-09-26 22h13.08.713991 +0530,
4,0,4,down,1,0.6274247999535874,None,2,4,0,4,0,7.118664299952798,,,7.103903100010939,7.118664299952798,8.117443899973296,8.133908099960536,8.751675999956205,down,1,0.6274247999535874,None,2,pilot,001,2026-09-26_22h13.08.691,O.D,,2026.2.3,60.01684071400034,2026-09-26 22h13.08.713991 +0530,
5,0,5,up,0,0.4671648999210447,None,1,5,0,5,0,8.766665300005116,,,8.751823999918997,8.766665300005116,9.766068400000222,9.766068400000222,10.234791200025938,up,0,0.4671648999210447,None,1,pilot,001,2026-09-26_22h13.08.691,O.D,,2026.2.3,60.01684071400034,2026-09-26 22h13.08.713991 +0530,
6,0,6,up,0,0.46180359995923936,None,-2,6,0,6,0,10.248713899985887,,,10.234945499920286,10.248713899985887,11.247499599936418,11.247499599936418,11.716183400014415,up,0,0.46180359995923936,None,-2,pilot,001,2026-09-26_22h13.08.691,O.D,,2026.2.3,60.01684071400034,2026-09-26 22h13.08.713991 +0530,
7,0,7,up,0,0.6975445999996737,None,-2,7,0,7,0,11.730385100003332,,,11.716343299951404,11.730385100003332,12.729783299961127,12.746151400031522,13.431322499993257,up,0,0.6975445999996737,None,-2,pilot,001,2026-09-26_22h13.08.691,O.D,,2026.2.3,60.01684071400034,2026-09-26 22h13.08.713991 +0530,
8,0,8,up,1,0.6413859000895172,None,0,8,0,8,0,13.44549079996068,,,13.431471699965186,13.44549079996068,14.444482199964114,14.444482199964114,15.0956488000229,up,1,0.6413859000895172,None,0,pilot,001,2026-09-26_22h13.08.691,O.D,,2026.2.3,60.01684071400034,2026-09-26 22h13.08.713991 +0530,
9,0,9,up,0,0.592015799949877,None,2,9,0,9,0,15.11072969995439,,,15.095808599959128,15.11072969995439,16.109424600028433,16.109424600028433,16.710888499976136,up,0,0.592015799949877,None,2,pilot,001,2026-09-26_22h13.08.691,O.D,,2026.2.3,60.01684071400034,2026-09-26 22h13.08.713991 +0530,
